id,name ,read,pattern,sequence,feature_type,target_gene_id,target_gene_name
PTPRC-1,PTPRC-1,R2,(BC)GTTTAAGAGCTATG,AGCATTATCCAAAGAGTCCG,CRISPR Guide Capture,ENSG00000081237,PTPRC
PTPRC-2,PTPRC-2,R2,(BC)GTTTAAGAGCTATG,TGTGGATTACTTATATAACA,CRISPR Guide Capture,ENSG00000081237,PTPRC
PTPRC-3,PTPRC-3,R2,(BC)GTTTAAGAGCTATG,CACAAATACATGGTCATATC,CRISPR Guide Capture,ENSG00000081237,PTPRC
PTPRC-4,PTPRC-4,R2,(BC)GTTTAAGAGCTATG,GTATTTGTGGCTTAAACTCT,CRISPR Guide Capture,ENSG00000081237,PTPRC
PIK3CD-1,PIK3CD-1,R2,(BC)GTTTAAGAGCTATG,TTTTTAGGACAACTGTCATC,CRISPR Guide Capture,ENSG00000171608,PIK3CD
PIK3CD-2,PIK3CD-2,R2,(BC)GTTTAAGAGCTATG,TAACAACGCAGGATGCCCCC,CRISPR Guide Capture,ENSG00000171608,PIK3CD
PIK3CD-3,PIK3CD-3,R2,(BC)GTTTAAGAGCTATG,CAGCGGCTGCCGGAACACTG,CRISPR Guide Capture,ENSG00000171608,PIK3CD
PIK3CD-4,PIK3CD-4,R2,(BC)GTTTAAGAGCTATG,TGATGGCGAAGGAGCCTACG,CRISPR Guide Capture,ENSG00000171608,PIK3CD
PCSK9-1,PCSK9-1,R2,(BC)GTTTAAGAGCTATG,GAGGTTGCCTGGCACCTACG,CRISPR Guide Capture,ENSG00000169174,PCSK9
PCSK9-2,PCSK9-2,R2,(BC)GTTTAAGAGCTATG,CCCTGCCCTCGATTTCCCGG,CRISPR Guide Capture,ENSG00000169174,PCSK9
PCSK9-3,PCSK9-3,R2,(BC)GTTTAAGAGCTATG,TCCTCGATGTAGTCGACATG,CRISPR Guide Capture,ENSG00000169174,PCSK9
PCSK9-4,PCSK9-4,R2,(BC)GTTTAAGAGCTATG,CCCGCACCTTGGCGCAGCGG,CRISPR Guide Capture,ENSG00000169174,PCSK9
BCL10-1,BCL10-1,R2,(BC)GTTTAAGAGCTATG,AGGTCCTCCTCGGTGAGGGA,CRISPR Guide Capture,ENSG00000142867,BCL10
BCL10-2,BCL10-2,R2,(BC)GTTTAAGAGCTATG,CTCGGTGAGGGACGGTGCGG,CRISPR Guide Capture,ENSG00000142867,BCL10
BCL10-3,BCL10-3,R2,(BC)GTTTAAGAGCTATG,TCGCCGAATAGATTCAACAA,CRISPR Guide Capture,ENSG00000142867,BCL10
BCL10-4,BCL10-4,R2,(BC)GTTTAAGAGCTATG,ATAAAACTAGAACATCTGAA,CRISPR Guide Capture,ENSG00000142867,BCL10
PDCD1-1,PDCD1-1,R2,(BC)GTTTAAGAGCTATG,GGCCAGGATGGTTCTTAGGT,CRISPR Guide Capture,ENSG00000188389,PDCD1
PDCD1-2,PDCD1-2,R2,(BC)GTTTAAGAGCTATG,GGCGTGACTTCCACATGAGCG,CRISPR Guide Capture,ENSG00000188389,PDCD1
PDCD1-3,PDCD1-3,R2,(BC)GTTTAAGAGCTATG,GGCAGTTGTGTGACACGGAAG,CRISPR Guide Capture,ENSG00000188389,PDCD1
PDCD1-4,PDCD1-4,R2,(BC)GTTTAAGAGCTATG,GGCGCCCTGGCCAGTCGTCT,CRISPR Guide Capture,ENSG00000188389,PDCD1
CTLA4-1,CTLA4-1,R2,(BC)GTTTAAGAGCTATG,CCTCACTATCCAAGGACTGA,CRISPR Guide Capture,ENSG00000163599,CTLA4
CTLA4-2,CTLA4-2,R2,(BC)GTTTAAGAGCTATG,GCAGATGGAATCATCTAGGA,CRISPR Guide Capture,ENSG00000163599,CTLA4
CTLA4-3,CTLA4-3,R2,(BC)GTTTAAGAGCTATG,ACACCGCTCCCATAAAGCCA,CRISPR Guide Capture,ENSG00000163599,CTLA4
CTLA4-4,CTLA4-4,R2,(BC)GTTTAAGAGCTATG,GCAAAGGTGAGTGAGACTTT,CRISPR Guide Capture,ENSG00000163599,CTLA4
CXCR4-1,CXCR4-1,R2,(BC)GTTTAAGAGCTATG,TGACATGGACTGCCTTGCAT,CRISPR Guide Capture,ENSG00000121966,CXCR4
CXCR4-2,CXCR4-2,R2,(BC)GTTTAAGAGCTATG,GTTCCAGTTTCAGCACATCA,CRISPR Guide Capture,ENSG00000121966,CXCR4
CXCR4-3,CXCR4-3,R2,(BC)GTTTAAGAGCTATG,GCTTCTACCCCAATGACTTG,CRISPR Guide Capture,ENSG00000121966,CXCR4
CXCR4-4,CXCR4-4,R2,(BC)GTTTAAGAGCTATG,CTGCAAAAGAGGCAAAGGAA,CRISPR Guide Capture,ENSG00000121966,CXCR4
BCL11A-1,BCL11A-1,R2,(BC)GTTTAAGAGCTATG,TGAAGGGATACCAACCCGCG,CRISPR Guide Capture,ENSG00000119866,BCL11A
BCL11A-2,BCL11A-2,R2,(BC)GTTTAAGAGCTATG,AGTGCAGAATATGCCCCGCA,CRISPR Guide Capture,ENSG00000119866,BCL11A
BCL11A-3,BCL11A-3,R2,(BC)GTTTAAGAGCTATG,TTGCTTTTATCACAGGCTCC,CRISPR Guide Capture,ENSG00000119866,BCL11A
BCL11A-4,BCL11A-4,R2,(BC)GTTTAAGAGCTATG,CTAACAGTTGCTTTTATCAC,CRISPR Guide Capture,ENSG00000119866,BCL11A
FOXP1-1,FOXP1-1,R2,(BC)GTTTAAGAGCTATG,AGAGGAGGAGACACATGTCG,CRISPR Guide Capture,ENSG00000114861,FOXP1
FOXP1-2,FOXP1-2,R2,(BC)GTTTAAGAGCTATG,CATACACCATGTCCATAGAG,CRISPR Guide Capture,ENSG00000114861,FOXP1
FOXP1-3,FOXP1-3,R2,(BC)GTTTAAGAGCTATG,GCCTTCTGACAATTCAGCCC,CRISPR Guide Capture,ENSG00000114861,FOXP1
FOXP1-4,FOXP1-4,R2,(BC)GTTTAAGAGCTATG,GAGTCATGATGCAAGAATCT,CRISPR Guide Capture,ENSG00000114861,FOXP1
TIGIT-1,TIGIT-1,R2,(BC)GTTTAAGAGCTATG,GCTGACCGTGAACGATACAG,CRISPR Guide Capture,ENSG00000181847,TIGIT
TIGIT-2,TIGIT-2,R2,(BC)GTTTAAGAGCTATG,CAGGCACAATAGAAACAACG,CRISPR Guide Capture,ENSG00000181847,TIGIT
TIGIT-3,TIGIT-3,R2,(BC)GTTTAAGAGCTATG,CATCTGCACAGCAGTCATCG,CRISPR Guide Capture,ENSG00000181847,TIGIT
TIGIT-4,TIGIT-4,R2,(BC)GTTTAAGAGCTATG,TCCTCCTGATCTGGGCCCAG,CRISPR Guide Capture,ENSG00000181847,TIGIT
CCR5-1,CCR5-1,R2,(BC)GTTTAAGAGCTATG,ACTATGCTGCCGCCCAGT,CRISPR Guide Capture,ENSG00000160791,CCR5
CCR5-2,CCR5-2,R2,(BC)GTTTAAGAGCTATG,CAGAAGGGGACAGTAAG,CRISPR Guide Capture,ENSG00000160791,CCR5
CCR5-3,CCR5-3,R2,(BC)GTTTAAGAGCTATG,CATTAAAGATAGTCATCTTG,CRISPR Guide Capture,ENSG00000160791,CCR5
CCR5-4,CCR5-4,R2,(BC)GTTTAAGAGCTATG,GGTGACAAGTGTGATCACTT,CRISPR Guide Capture,ENSG00000160791,CCR5
CLRN1-1,CLRN1-1,R2,(BC)GTTTAAGAGCTATG,CAAGGCTGTCACAACTCCGA,CRISPR Guide Capture,ENSG00000163646,CLRN1
CLRN1-2,CLRN1-2,R2,(BC)GTTTAAGAGCTATG,CATGGTTAACACAATAAGGA,CRISPR Guide Capture,ENSG00000163646,CLRN1
CLRN1-3,CLRN1-3,R2,(BC)GTTTAAGAGCTATG,CTACTTACATGAGAACCGAA,CRISPR Guide Capture,ENSG00000163646,CLRN1
CLRN1-4,CLRN1-4,R2,(BC)GTTTAAGAGCTATG,TTATGGGTGAAATGCAGTAC,CRISPR Guide Capture,ENSG00000163646,CLRN1
RHOH-1,RHOH-1,R2,(BC)GTTTAAGAGCTATG,GGTGAAGCGCACCAACAGAG,CRISPR Guide Capture,ENSG00000168421,RHOH
RHOH-2,RHOH-2,R2,(BC)GTTTAAGAGCTATG,AGTGTACGAGAACACAGGGG,CRISPR Guide Capture,ENSG00000168421,RHOH
RHOH-3,RHOH-3,R2,(BC)GTTTAAGAGCTATG,GGACTTCAGAGTAGGACAGC,CRISPR Guide Capture,ENSG00000168421,RHOH
RHOH-4,RHOH-4,R2,(BC)GTTTAAGAGCTATG,TCAGAGTAGGACAGCAGGCT,CRISPR Guide Capture,ENSG00000168421,RHOH
LRBA-1,LRBA-1,R2,(BC)GTTTAAGAGCTATG,AGGCCCAGATGCAATCAGCG,CRISPR Guide Capture,ENSG00000198589,LRBA
LRBA-2,LRBA-2,R2,(BC)GTTTAAGAGCTATG,AATCCACAAAAATCTCACGA,CRISPR Guide Capture,ENSG00000198589,LRBA
LRBA-3,LRBA-3,R2,(BC)GTTTAAGAGCTATG,CCATTGCTAGCTCACGATAA,CRISPR Guide Capture,ENSG00000198589,LRBA
LRBA-4,LRBA-4,R2,(BC)GTTTAAGAGCTATG,CCTTTATCGTGAGCTAGCAA,CRISPR Guide Capture,ENSG00000198589,LRBA
HTT-1,HTT-1,R2,(BC)GTTTAAGAGCTATG,AGCAGCAGCAGCAGCAGCAG,CRISPR Guide Capture,ENSG00000197386,HTT
HTT-2,HTT-2,R2,(BC)GTTTAAGAGCTATG,GAAGGACTTGAGGGACTCGA,CRISPR Guide Capture,ENSG00000197386,HTT
HTT-3,HTT-3,R2,(BC)GTTTAAGAGCTATG,GCTTCCTCAGCCGCCGCCGC,CRISPR Guide Capture,ENSG00000197386,HTT
HTT-4,HTT-4,R2,(BC)GTTTAAGAGCTATG,CTGCTGCTGCTGCTGCTGGA,CRISPR Guide Capture,ENSG00000197386,HTT
WFS1-1,WFS1-1,R2,(BC)GTTTAAGAGCTATG,CATGTGGTGTGAGCTCTCCG,CRISPR Guide Capture,ENSG00000109501,WFS1
WFS1-2,WFS1-2,R2,(BC)GTTTAAGAGCTATG,CACGTCCGAGAACGAACGGG,CRISPR Guide Capture,ENSG00000109501,WFS1
WFS1-3,WFS1-3,R2,(BC)GTTTAAGAGCTATG,ATCACTAAGAAGTACGCCAA,CRISPR Guide Capture,ENSG00000109501,WFS1
WFS1-4,WFS1-4,R2,(BC)GTTTAAGAGCTATG,CTGTGTTAAAGGGCCTACAA,CRISPR Guide Capture,ENSG00000109501,WFS1
IL7R-1,IL7R-1,R2,(BC)GTTTAAGAGCTATG,AAAGAGCAATATATGTGTGA,CRISPR Guide Capture,ENSG00000168685,IL7R
IL7R-2,IL7R-2,R2,(BC)GTTTAAGAGCTATG,TCAGGATTAAGCCTATCGTA,CRISPR Guide Capture,ENSG00000168685,IL7R
IL7R-3,IL7R-3,R2,(BC)GTTTAAGAGCTATG,ATTCTCATGCTATAGCCAGT,CRISPR Guide Capture,ENSG00000168685,IL7R
IL7R-4,IL7R-4,R2,(BC)GTTTAAGAGCTATG,TCTCTCAGAATGACAATTCT,CRISPR Guide Capture,ENSG00000168685,IL7R
HAVCR2-1,HAVCR2-1,R2,(BC)GTTTAAGAGCTATG,AGACGGGCACGAGGTTCCCT,CRISPR Guide Capture,ENSG00000135077,HAVCR2
HAVCR2-2,HAVCR2-2,R2,(BC)GTTTAAGAGCTATG,TCTAGAGTCCCGTAACTCAT,CRISPR Guide Capture,ENSG00000135077,HAVCR2
HAVCR2-3,HAVCR2-3,R2,(BC)GTTTAAGAGCTATG,TGTGTTTGAATGTGGCAACG,CRISPR Guide Capture,ENSG00000135077,HAVCR2
HAVCR2-4,HAVCR2-4,R2,(BC)GTTTAAGAGCTATG,AAAGGGAAGATGTGAAAACA,CRISPR Guide Capture,ENSG00000135077,HAVCR2
SMN1-1,SMN1-1,R2,(BC)GTTTAAGAGCTATG,TGTGCCGCGCCGGAACAGCA,CRISPR Guide Capture,ENSG00000172062,SMN1
SMN1-2,SMN1-2,R2,(BC)GTTTAAGAGCTATG,TAAGAGAGAAACCTGTGTTG,CRISPR Guide Capture,ENSG00000172062,SMN1
SMN1-3,SMN1-3,R2,(BC)GTTTAAGAGCTATG,ATTAGCTACTTCACAGATTG,CRISPR Guide Capture,ENSG00000172062,SMN1
SMN1-4,SMN1-4,R2,(BC)GTTTAAGAGCTATG,TCTGCCATTTGGTCAGAAGA,CRISPR Guide Capture,ENSG00000172062,SMN1
ERCC8-1,ERCC8-1,R2,(BC)GTTTAAGAGCTATG,GATGTTGAAAGAATCCACGG,CRISPR Guide Capture,ENSG00000049167,ERCC8
ERCC8-2,ERCC8-2,R2,(BC)GTTTAAGAGCTATG,GCCAAGATATAGTCATAACG,CRISPR Guide Capture,ENSG00000049167,ERCC8
ERCC8-3,ERCC8-3,R2,(BC)GTTTAAGAGCTATG,TGTGTAATAAGATTGTCTGC,CRISPR Guide Capture,ENSG00000049167,ERCC8
ERCC8-4,ERCC8-4,R2,(BC)GTTTAAGAGCTATG,ACCTGCTACCAAACAGTGCT,CRISPR Guide Capture,ENSG00000049167,ERCC8
IFNGR1-1,IFNGR1-1,R2,(BC)GTTTAAGAGCTATG,GCCGCGAACGACGGTACCTG,CRISPR Guide Capture,ENSG00000027697,IFNGR1
IFNGR1-2,IFNGR1-2,R2,(BC)GTTTAAGAGCTATG,TGTGAGAATGAACGGAAGTG,CRISPR Guide Capture,ENSG00000027697,IFNGR1
IFNGR1-3,IFNGR1-3,R2,(BC)GTTTAAGAGCTATG,TTACCTCTACGGTAAAAACA,CRISPR Guide Capture,ENSG00000027697,IFNGR1
IFNGR1-4,IFNGR1-4,R2,(BC)GTTTAAGAGCTATG,TTTCTGATATCCAGTTTAGG,CRISPR Guide Capture,ENSG00000027697,IFNGR1
VEGFA-1,VEGFA-1,R2,(BC)GTTTAAGAGCTATG,GGAGGGCAGAATCATCACGA,CRISPR Guide Capture,ENSG00000112715,VEGFA
VEGFA-2,VEGFA-2,R2,(BC)GTTTAAGAGCTATG,GGAGGAAGAGTAGCTCGCCG,CRISPR Guide Capture,ENSG00000112715,VEGFA
VEGFA-3,VEGFA-3,R2,(BC)GTTTAAGAGCTATG,GACCCCCTCCACCCCGCCTC,CRISPR Guide Capture,ENSG00000112715,VEGFA
VEGFA-4,VEGFA-4,R2,(BC)GTTTAAGAGCTATG,CTCCTGGAAGATGTCCACCA,CRISPR Guide Capture,ENSG00000112715,VEGFA
OSTM1-1,OSTM1-1,R2,(BC)GTTTAAGAGCTATG,ACAACATCAGCCGAGCCGCG,CRISPR Guide Capture,ENSG00000081087,OSTM1
OSTM1-2,OSTM1-2,R2,(BC)GTTTAAGAGCTATG,GTTATGTTCAAAGCAGGTCA,CRISPR Guide Capture,ENSG00000081087,OSTM1
OSTM1-3,OSTM1-3,R2,(BC)GTTTAAGAGCTATG,CAGGTCTGACAGAGGCGCAC,CRISPR Guide Capture,ENSG00000081087,OSTM1
OSTM1-4,OSTM1-4,R2,(BC)GTTTAAGAGCTATG,AGGTCGTGGAAGACCCTGTG,CRISPR Guide Capture,ENSG00000081087,OSTM1
CD164-1,CD164-1,R2,(BC)GTTTAAGAGCTATG,CTGGGTCGTGTTCTTGTCCG,CRISPR Guide Capture,ENSG00000135535,CD164
CD164-2,CD164-2,R2,(BC)GTTTAAGAGCTATG,AACACGACAGACTTCTGTTC,CRISPR Guide Capture,ENSG00000135535,CD164
CD164-3,CD164-3,R2,(BC)GTTTAAGAGCTATG,AACAGTTAGTGATTGTCAAG,CRISPR Guide Capture,ENSG00000135535,CD164
CD164-4,CD164-4,R2,(BC)GTTTAAGAGCTATG,GCAGCTGTTTCGACCTTCAC,CRISPR Guide Capture,ENSG00000135535,CD164
CARD11-1,CARD11-1,R2,(BC)GTTTAAGAGCTATG,CATCGTCAGACGCTACAAGG,CRISPR Guide Capture,ENSG00000198286,CARD11
CARD11-2,CARD11-2,R2,(BC)GTTTAAGAGCTATG,CATCTTGGAACACGACCGCA,CRISPR Guide Capture,ENSG00000198286,CARD11
CARD11-3,CARD11-3,R2,(BC)GTTTAAGAGCTATG,GCGCTACGCACAGCTCAGTG,CRISPR Guide Capture,ENSG00000198286,CARD11
CARD11-4,CARD11-4,R2,(BC)GTTTAAGAGCTATG,GCCGAGTACCTGGCATGGAG,CRISPR Guide Capture,ENSG00000198286,CARD11
CFTR-1,CFTR-1,R2,(BC)GTTTAAGAGCTATG,AGGGTAAAATTAAGCACAG,CRISPR Guide Capture,ENSG00000001626,CFTR
CFTR-2,CFTR-2,R2,(BC)GTTTAAGAGCTATG,TCTGTATCTATATTCATCAT,CRISPR Guide Capture,ENSG00000001626,CFTR
CFTR-3,CFTR-3,R2,(BC)GTTTAAGAGCTATG,TGTGGACAGTAATATATCGA,CRISPR Guide Capture,ENSG00000001626,CFTR
CFTR-4,CFTR-4,R2,(BC)GTTTAAGAGCTATG,ATTCTTCAGAGGTCTACCAC,CRISPR Guide Capture,ENSG00000001626,CFTR
TRBC2-1,TRBC2-1,R2,(BC)GTTTAAGAGCTATG,CAAACACAGCGACCTTGGGT,CRISPR Guide Capture,ENSG00000211772,TRBC2
TRBC1-2,TRBC1-2,R2,(BC)GTTTAAGAGCTATG,GCAGTATCTGGAGTCATTGA,CRISPR Guide Capture,ENSG00000211751,TRBC1
TRBC1-3,TRBC1-3,R2,(BC)GTTTAAGAGCTATG,GGAGAATGACGAGTGGACCC,CRISPR Guide Capture,ENSG00000211751,TRBC1
TRBC1-4,TRBC1-4,R2,(BC)GTTTAAGAGCTATG,AGAGATCTCCCACACCCAAA,CRISPR Guide Capture,ENSG00000211751,TRBC1
EZH2-1,EZH2-1,R2,(BC)GTTTAAGAGCTATG,ATGTTGGGGGTACATTCAGG,CRISPR Guide Capture,ENSG00000106462,EZH2
EZH2-2,EZH2-2,R2,(BC)GTTTAAGAGCTATG,TTATCAGAAGGAAATTTCCG,CRISPR Guide Capture,ENSG00000106462,EZH2
EZH2-3,EZH2-3,R2,(BC)GTTTAAGAGCTATG,TTATGATGGGAAAGTACACG,CRISPR Guide Capture,ENSG00000106462,EZH2
EZH2-4,EZH2-4,R2,(BC)GTTTAAGAGCTATG,CTTCTGTGAGCTCATTGCGC,CRISPR Guide Capture,ENSG00000106462,EZH2
IKBKB-1,IKBKB-1,R2,(BC)GTTTAAGAGCTATG,GCTGGTTCATATCTTGAACA,CRISPR Guide Capture,ENSG00000104365,IKBKB
IKBKB-2,IKBKB-2,R2,(BC)GTTTAAGAGCTATG,GCCATGGAGTACTGCCAAGG,CRISPR Guide Capture,ENSG00000104365,IKBKB
IKBKB-3,IKBKB-3,R2,(BC)GTTTAAGAGCTATG,TTTGCAGGCATTCAAAAGTG,CRISPR Guide Capture,ENSG00000104365,IKBKB
IKBKB-4,IKBKB-4,R2,(BC)GTTTAAGAGCTATG,TGAGGGCCACACATTGGACA,CRISPR Guide Capture,ENSG00000104365,IKBKB
EXTL3-1,EXTL3-1,R2,(BC)GTTTAAGAGCTATG,AAATGAACCTCGGTAACACG,CRISPR Guide Capture,ENSG00000012232,EXTL3
EXTL3-2,EXTL3-2,R2,(BC)GTTTAAGAGCTATG,AACCAAGCGAGGGTCCCCGG,CRISPR Guide Capture,ENSG00000012232,EXTL3
EXTL3-3,EXTL3-3,R2,(BC)GTTTAAGAGCTATG,CAGTCAGAGTGAAATTGCGG,CRISPR Guide Capture,ENSG00000012232,EXTL3
EXTL3-4,EXTL3-4,R2,(BC)GTTTAAGAGCTATG,AGAAGCTCGGGACCGCATCG,CRISPR Guide Capture,ENSG00000012232,EXTL3
FGFR1-1,FGFR1-1,R2,(BC)GTTTAAGAGCTATG,GTTGCCCGCCAACAAAACAG,CRISPR Guide Capture,ENSG00000077782,FGFR1
FGFR1-2,FGFR1-2,R2,(BC)GTTTAAGAGCTATG,CTGGTCTTAGGCAAACCCCT,CRISPR Guide Capture,ENSG00000077782,FGFR1
FGFR1-3,FGFR1-3,R2,(BC)GTTTAAGAGCTATG,AGTTCAAATGCCCTTCCAGT,CRISPR Guide Capture,ENSG00000077782,FGFR1
FGFR1-4,FGFR1-4,R2,(BC)GTTTAAGAGCTATG,ACAGTGTGTACCTTCCAGAA,CRISPR Guide Capture,ENSG00000077782,FGFR1
VPS13B-1,VPS13B-1,R2,(BC)GTTTAAGAGCTATG,TTGACCCAATCTTATATACG,CRISPR Guide Capture,ENSG00000132549,VPS13B
VPS13B-2,VPS13B-2,R2,(BC)GTTTAAGAGCTATG,GAAACCTCATCTCGCTACAG,CRISPR Guide Capture,ENSG00000132549,VPS13B
VPS13B-3,VPS13B-3,R2,(BC)GTTTAAGAGCTATG,TGCAACCCATAGGTTCCACT,CRISPR Guide Capture,ENSG00000132549,VPS13B
VPS13B-4,VPS13B-4,R2,(BC)GTTTAAGAGCTATG,GCTGATGGGTCGAACCAACA,CRISPR Guide Capture,ENSG00000132549,VPS13B
IL11RA-1,IL11RA-1,R2,(BC)GTTTAAGAGCTATG,CTGGTACTGACTCTACCCGC,CRISPR Guide Capture,ENSG00000137070,IL11RA
IL11RA-2,IL11RA-2,R2,(BC)GTTTAAGAGCTATG,GTACCGGATTAATGTGACTG,CRISPR Guide Capture,ENSG00000137070,IL11RA
IL11RA-3,IL11RA-3,R2,(BC)GTTTAAGAGCTATG,TCCTAGGAGCTGATAGCCAG,CRISPR Guide Capture,ENSG00000137070,IL11RA
IL11RA-4,IL11RA-4,R2,(BC)GTTTAAGAGCTATG,GCAAGAGAAGTTCTCATAGT,CRISPR Guide Capture,ENSG00000137070,IL11RA
TGFBR1-1,TGFBR1-1,R2,(BC)GTTTAAGAGCTATG,AGAACGTTCGTGGTTCCGTG,CRISPR Guide Capture,ENSG00000106799,TGFBR1
TGFBR1-2,TGFBR1-2,R2,(BC)GTTTAAGAGCTATG,TAAAAGGGCGATCTAATGAA,CRISPR Guide Capture,ENSG00000106799,TGFBR1
TGFBR1-3,TGFBR1-3,R2,(BC)GTTTAAGAGCTATG,GTTGTGTATAACTTTGTCTG,CRISPR Guide Capture,ENSG00000106799,TGFBR1
TGFBR1-4,TGFBR1-4,R2,(BC)GTTTAAGAGCTATG,ATGGGCAAGACCGCTCGCCG,CRISPR Guide Capture,ENSG00000106799,TGFBR1
PTCH1-1,PTCH1-1,R2,(BC)GTTTAAGAGCTATG,TGATGTCGATGGGCTTATCG,CRISPR Guide Capture,ENSG00000185920,PTCH1
PTCH1-2,PTCH1-2,R2,(BC)GTTTAAGAGCTATG,AGCGGGAATTGGGATTAACG,CRISPR Guide Capture,ENSG00000185920,PTCH1
PTCH1-3,PTCH1-3,R2,(BC)GTTTAAGAGCTATG,AAATGTACGAGCACTTCAAG,CRISPR Guide Capture,ENSG00000185920,PTCH1
PTCH1-4,PTCH1-4,R2,(BC)GTTTAAGAGCTATG,AAGGTGTAATAATCAAACAA,CRISPR Guide Capture,ENSG00000185920,PTCH1
ABL1-1,ABL1-1,R2,(BC)GTTTAAGAGCTATG,TCAGTGATGATATAGAACGG,CRISPR Guide Capture,ENSG00000097007,ABL1
ABL1-2,ABL1-2,R2,(BC)GTTTAAGAGCTATG,GGTTCATCATCATTCAACGG,CRISPR Guide Capture,ENSG00000097007,ABL1
ABL1-3,ABL1-3,R2,(BC)GTTTAAGAGCTATG,TTGCTCCCTCGAAAAGAGCG,CRISPR Guide Capture,ENSG00000097007,ABL1
ABL1-4,ABL1-4,R2,(BC)GTTTAAGAGCTATG,CTTAGGCTATAATCACAATG,CRISPR Guide Capture,ENSG00000097007,ABL1
FAS-1,FAS-1,R2,(BC)GTTTAAGAGCTATG,CAGGATCCAGATCTAACTTG,CRISPR Guide Capture,ENSG00000026103,FAS
FAS-2,FAS-2,R2,(BC)GTTTAAGAGCTATG,TAGGGACTGCACAGTCAATG,CRISPR Guide Capture,ENSG00000026103,FAS
FAS-3,FAS-3,R2,(BC)GTTTAAGAGCTATG,GTTGAGACTCAGAACTTGGA,CRISPR Guide Capture,ENSG00000026103,FAS
FAS-4,FAS-4,R2,(BC)GTTTAAGAGCTATG,GAGGGTCCAGATGCCCAGCA,CRISPR Guide Capture,ENSG00000026103,FAS
DCLRE1C-1,DCLRE1C-1,R2,(BC)GTTTAAGAGCTATG,CAGTGGAGCAAATTACCCTG,CRISPR Guide Capture,ENSG00000152457,DCLRE1C
DCLRE1C-2,DCLRE1C-2,R2,(BC)GTTTAAGAGCTATG,GGAGACTTCAGATTGGCGCA,CRISPR Guide Capture,ENSG00000152457,DCLRE1C
DCLRE1C-3,DCLRE1C-3,R2,(BC)GTTTAAGAGCTATG,GCGCTATGAGTTCTTTCGAG,CRISPR Guide Capture,ENSG00000152457,DCLRE1C
DCLRE1C-4,DCLRE1C-4,R2,(BC)GTTTAAGAGCTATG,CGCCGCCGATCCCAGAGTCC,CRISPR Guide Capture,ENSG00000152457,DCLRE1C
IL2RA-1,IL2RA-1,R2,(BC)GTTTAAGAGCTATG,GGATACAGGGCTCTACACAG,CRISPR Guide Capture,ENSG00000134460,IL2RA
IL2RA-2,IL2RA-2,R2,(BC)GTTTAAGAGCTATG,TTGTTTCGTTGTGTTCCGAG,CRISPR Guide Capture,ENSG00000134460,IL2RA
IL2RA-3,IL2RA-3,R2,(BC)GTTTAAGAGCTATG,CTGCAGGGAACCTCCACCAT,CRISPR Guide Capture,ENSG00000134460,IL2RA
IL2RA-4,IL2RA-4,R2,(BC)GTTTAAGAGCTATG,TGAGCAGTCCCCACATCAGC,CRISPR Guide Capture,ENSG00000134460,IL2RA
PRF1-1,PRF1-1,R2,(BC)GTTTAAGAGCTATG,GCCCGACCTTCCAGTCGTTG,CRISPR Guide Capture,ENSG00000180644,PRF1
PRF1-2,PRF1-2,R2,(BC)GTTTAAGAGCTATG,CCTTCCCAGTGGACACACAA,CRISPR Guide Capture,ENSG00000180644,PRF1
PRF1-3,PRF1-3,R2,(BC)GTTTAAGAGCTATG,GAACAGCAGGTCGTTAATGG,CRISPR Guide Capture,ENSG00000180644,PRF1
PRF1-4,PRF1-4,R2,(BC)GTTTAAGAGCTATG,GTCGAGGCCCAGGTCAACAT,CRISPR Guide Capture,ENSG00000180644,PRF1
CD5-1,CD5-1,R2,(BC)GTTTAAGAGCTATG,CAGCATCTGTGAAGGCACCG,CRISPR Guide Capture,ENSG00000110448,CD5
CD5-2,CD5-2,R2,(BC)GTTTAAGAGCTATG,TTTCCTGAAGCAATGCTCCA,CRISPR Guide Capture,ENSG00000110448,CD5
CD5-3,CD5-3,R2,(BC)GTTTAAGAGCTATG,AGCAGGTACAAGGTGGCCAG,CRISPR Guide Capture,ENSG00000110448,CD5
CD5-4,CD5-4,R2,(BC)GTTTAAGAGCTATG,CATGGGGTCTCTGCAACCGC,CRISPR Guide Capture,ENSG00000110448,CD5
CD3E-1,CD3E-1,R2,(BC)GTTTAAGAGCTATG,GATGGAGACTTTATATGCTG,CRISPR Guide Capture,ENSG00000198851,CD3E
CD3E-2,CD3E-2,R2,(BC)GTTTAAGAGCTATG,GATGTCCACTATGACAATTG,CRISPR Guide Capture,ENSG00000198851,CD3E
CD3E-3,CD3E-3,R2,(BC)GTTTAAGAGCTATG,AGATGCAGTCGGGCACTCAC,CRISPR Guide Capture,ENSG00000198851,CD3E
CD3E-4,CD3E-4,R2,(BC)GTTTAAGAGCTATG,CCATGAAACAAAGATGCAGT,CRISPR Guide Capture,ENSG00000198851,CD3E
RAG2-1,RAG2-1,R2,(BC)GTTTAAGAGCTATG,TTAATGTGGTGTACAGCCGA,CRISPR Guide Capture,ENSG00000175097,RAG2
RAG2-2,RAG2-2,R2,(BC)GTTTAAGAGCTATG,CATCAATACATCATCCATGG,CRISPR Guide Capture,ENSG00000175097,RAG2
RAG2-3,RAG2-3,R2,(BC)GTTTAAGAGCTATG,CTTGCTGTGCTTAATGTCTG,CRISPR Guide Capture,ENSG00000175097,RAG2
RAG2-4,RAG2-4,R2,(BC)GTTTAAGAGCTATG,TGCAGAGACATAGTTTCTGA,CRISPR Guide Capture,ENSG00000175097,RAG2
HBB-1,HBB-1,R2,(BC)GTTTAAGAGCTATG,AAGGTGAACGTGGATGAAGT,CRISPR Guide Capture,ENSG00000244734,HBB
HBB-2,HBB-2,R2,(BC)GTTTAAGAGCTATG,TCTGCCGTTACTGCCCTGTG,CRISPR Guide Capture,ENSG00000244734,HBB
HBB-3,HBB-3,R2,(BC)GTTTAAGAGCTATG,AGGAGTGGACAGATCCCCAA,CRISPR Guide Capture,ENSG00000244734,HBB
HBB-4,HBB-4,R2,(BC)GTTTAAGAGCTATG,CTTGCCCCACAGGGCAGTAA,CRISPR Guide Capture,ENSG00000244734,HBB
LAG3-1,LAG3-1,R2,(BC)GTTTAAGAGCTATG,GTTCCGGAACCAATGCACAG,CRISPR Guide Capture,ENSG00000089692,LAG3
LAG3-2,LAG3-2,R2,(BC)GTTTAAGAGCTATG,GGGAGTTACCCAGAACAGTG,CRISPR Guide Capture,ENSG00000089692,LAG3
LAG3-3,LAG3-3,R2,(BC)GTTTAAGAGCTATG,GTTTCTGCAGCCGCTTTGGG,CRISPR Guide Capture,ENSG00000089692,LAG3
LAG3-4,LAG3-4,R2,(BC)GTTTAAGAGCTATG,GACCATAGGAGAGATGTGGG,CRISPR Guide Capture,ENSG00000089692,LAG3
TNFRSF1A-1,TNFRSF1A-1,R2,(BC)GTTTAAGAGCTATG,GACCAGTCCAATAACCCCTG,CRISPR Guide Capture,ENSG00000067182,TNFRSF1A
TNFRSF1A-2,TNFRSF1A-2,R2,(BC)GTTTAAGAGCTATG,AAGACCAAAGAAAATGACCA,CRISPR Guide Capture,ENSG00000067182,TNFRSF1A
TNFRSF1A-3,TNFRSF1A-3,R2,(BC)GTTTAAGAGCTATG,GTGGACCGGGACACCGTGTG,CRISPR Guide Capture,ENSG00000067182,TNFRSF1A
TNFRSF1A-4,TNFRSF1A-4,R2,(BC)GTTTAAGAGCTATG,AGAGGTGCACGGTCCCATTG,CRISPR Guide Capture,ENSG00000067182,TNFRSF1A
CD4-1,CD4-1,R2,(BC)GTTTAAGAGCTATG,TTTCAACTGTAAAGGCGAGT,CRISPR Guide Capture,ENSG00000010610,CD4
CD4-2,CD4-2,R2,(BC)GTTTAAGAGCTATG,TCGGCAAGGCCACAATGAAC,CRISPR Guide Capture,ENSG00000010610,CD4
CD4-3,CD4-3,R2,(BC)GTTTAAGAGCTATG,GCTCAGGCCCCTGCCTCCCT,CRISPR Guide Capture,ENSG00000010610,CD4
CD4-4,CD4-4,R2,(BC)GTTTAAGAGCTATG,CTGGCCTCGTGCCTCAAATG,CRISPR Guide Capture,ENSG00000010610,CD4
PAH-1,PAH-1,R2,(BC)GTTTAAGAGCTATG,AGAAGGTCTAGATTCAATGT,CRISPR Guide Capture,ENSG00000171759,PAH
PAH-2,PAH-2,R2,(BC)GTTTAAGAGCTATG,CGGGCCATGGACTCACAGGG,CRISPR Guide Capture,ENSG00000171759,PAH
PAH-3,PAH-3,R2,(BC)GTTTAAGAGCTATG,GCCACCCAAGAAATCCCGAG,CRISPR Guide Capture,ENSG00000171759,PAH
PAH-4,PAH-4,R2,(BC)GTTTAAGAGCTATG,CACGGTTCGGGGGTATACAT,CRISPR Guide Capture,ENSG00000171759,PAH
BRCA2-1,BRCA2-1,R2,(BC)GTTTAAGAGCTATG,GTCTACCTGACCAATCGATG,CRISPR Guide Capture,ENSG00000139618,BRCA2
BRCA2-2,BRCA2-2,R2,(BC)GTTTAAGAGCTATG,AGCACAGTAGAACTAAGGGT,CRISPR Guide Capture,ENSG00000139618,BRCA2
BRCA2-3,BRCA2-3,R2,(BC)GTTTAAGAGCTATG,AATTATGGCAGGTTGTTACG,CRISPR Guide Capture,ENSG00000139618,BRCA2
BRCA2-4,BRCA2-4,R2,(BC)GTTTAAGAGCTATG,AAAATGTCAGACAAGCTCAA,CRISPR Guide Capture,ENSG00000139618,BRCA2
FOXO1-1,FOXO1-1,R2,(BC)GTTTAAGAGCTATG,TAGCATTTGAGCTAGTTCGA,CRISPR Guide Capture,ENSG00000150907,FOXO1
FOXO1-2,FOXO1-2,R2,(BC)GTTTAAGAGCTATG,GGAGTTTAGCCAGTCCAACT,CRISPR Guide Capture,ENSG00000150907,FOXO1
FOXO1-3,FOXO1-3,R2,(BC)GTTTAAGAGCTATG,GGTGGCGCAAACGAGTAGCA,CRISPR Guide Capture,ENSG00000150907,FOXO1
FOXO1-4,FOXO1-4,R2,(BC)GTTTAAGAGCTATG,CACCTGAGGCGCCTCGGCCA,CRISPR Guide Capture,ENSG00000150907,FOXO1
ATP7B-1,ATP7B-1,R2,(BC)GTTTAAGAGCTATG,CTCACCAAGGGTCACAACGG,CRISPR Guide Capture,ENSG00000123191,ATP7B
ATP7B-2,ATP7B-2,R2,(BC)GTTTAAGAGCTATG,ATGAACTGAGCTATCTCGAG,CRISPR Guide Capture,ENSG00000123191,ATP7B
ATP7B-3,ATP7B-3,R2,(BC)GTTTAAGAGCTATG,CTCATTAAAGCTACCCACGT,CRISPR Guide Capture,ENSG00000123191,ATP7B
ATP7B-4,ATP7B-4,R2,(BC)GTTTAAGAGCTATG,AGGGACCATGTAAATGACAT,CRISPR Guide Capture,ENSG00000123191,ATP7B
EGR3-1,EGR3-1,R2,(BC)GTTTAAGAGCTATG,TGGCCGATTGGTAATCCTGG,CRISPR Guide Capture,ENSG00000179388,EGR3
EGR3-2,EGR3-2,R2,(BC)GTTTAAGAGCTATG,GAAGGCGAACTTTCCCAAGT,CRISPR Guide Capture,ENSG00000179388,EGR3
EGR3-3,EGR3-3,R2,(BC)GTTTAAGAGCTATG,TACCACCACCCCAACGACAT,CRISPR Guide Capture,ENSG00000179388,EGR3
EGR3-4,EGR3-4,R2,(BC)GTTTAAGAGCTATG,AAAGACAAGCAGATCCACCC,CRISPR Guide Capture,ENSG00000179388,EGR3
SERPINA1-1,SERPINA1-1,R2,(BC)GTTTAAGAGCTATG,AGCCAGCTCCAGCTGACCAC,CRISPR Guide Capture,ENSG00000197249,SERPINA1
SERPINA1-2,SERPINA1-2,R2,(BC)GTTTAAGAGCTATG,GCTGAGGAACAGGCCATTGC,CRISPR Guide Capture,ENSG00000197249,SERPINA1
SERPINA1-3,SERPINA1-3,R2,(BC)GTTTAAGAGCTATG,ACTCACGATGAAATCCTGGA,CRISPR Guide Capture,ENSG00000197249,SERPINA1
SERPINA1-4,SERPINA1-4,R2,(BC)GTTTAAGAGCTATG,GATCTGTTTCTTGGCCTCTT,CRISPR Guide Capture,ENSG00000197249,SERPINA1
GZMB-1,GZMB-1,R2,(BC)GTTTAAGAGCTATG,GCCAGGGCAGACATGCAGTG,CRISPR Guide Capture,ENSG00000100453,GZMB
GZMB-2,GZMB-2,R2,(BC)GTTTAAGAGCTATG,TTGTTGCTAGGTAGCCTGAG,CRISPR Guide Capture,ENSG00000100453,GZMB
GZMB-3,GZMB-3,R2,(BC)GTTTAAGAGCTATG,TCATAAGATAAGCCATGTAG,CRISPR Guide Capture,ENSG00000100453,GZMB
GZMB-4,GZMB-4,R2,(BC)GTTTAAGAGCTATG,GATCATAAGATAAGCCATGT,CRISPR Guide Capture,ENSG00000100453,GZMB
TRAC-1,TRAC-1,R2,(BC)GTTTAAGAGCTATG,CTTCAAGAGCAACAGTGCTG,CRISPR Guide Capture,ENSG00000277734,TRAC
TRAC-2,TRAC-2,R2,(BC)GTTTAAGAGCTATG,TCTCTCAGCTGGTACACGGC,CRISPR Guide Capture,ENSG00000277734,TRAC
TRAC-3,TRAC-3,R2,(BC)GTTTAAGAGCTATG,AGAGTCTCTCAGCTGGTACA,CRISPR Guide Capture,ENSG00000277734,TRAC
TRAC-4,TRAC-4,R2,(BC)GTTTAAGAGCTATG,TGTGCTAGACATGAGGTCTA,CRISPR Guide Capture,ENSG00000277734,TRAC
GALC-1,GALC-1,R2,(BC)GTTTAAGAGCTATG,GCCATGGAGTGGGCACTACG,CRISPR Guide Capture,ENSG00000054983,GALC
GALC-2,GALC-2,R2,(BC)GTTTAAGAGCTATG,ATTATTTCCGAGGATACGAG,CRISPR Guide Capture,ENSG00000054983,GALC
GALC-3,GALC-3,R2,(BC)GTTTAAGAGCTATG,ACGTGCTCGACGACTCCGAC,CRISPR Guide Capture,ENSG00000054983,GALC
GALC-4,GALC-4,R2,(BC)GTTTAAGAGCTATG,CTGCCTATTATGTCGTGACC,CRISPR Guide Capture,ENSG00000054983,GALC
B2M-1,B2M-1,R2,(BC)GTTTAAGAGCTATG,CGCGAGCACAGCTAAGGCCA,CRISPR Guide Capture,ENSG00000166710,B2M
B2M-2,B2M-2,R2,(BC)GTTTAAGAGCTATG,CGTGAGTAAACCTGAATCTT,CRISPR Guide Capture,ENSG00000166710,B2M
B2M-3,B2M-3,R2,(BC)GTTTAAGAGCTATG,GAGTAGCGCGAGCACAGCTA,CRISPR Guide Capture,ENSG00000166710,B2M
B2M-4,B2M-4,R2,(BC)GTTTAAGAGCTATG,GGCCACGGAGCGAGACATCT,CRISPR Guide Capture,ENSG00000166710,B2M
RAB11A-1,RAB11A-1,R2,(BC)GTTTAAGAGCTATG,CATTTCGAGTAAATCGAGAC,CRISPR Guide Capture,ENSG00000103769,RAB11A
RAB11A-2,RAB11A-2,R2,(BC)GTTTAAGAGCTATG,GAGTGATCTACGTCATCTCA,CRISPR Guide Capture,ENSG00000103769,RAB11A
RAB11A-3,RAB11A-3,R2,(BC)GTTTAAGAGCTATG,TGTTGCAAACTCTACTCCAA,CRISPR Guide Capture,ENSG00000103769,RAB11A
RAB11A-4,RAB11A-4,R2,(BC)GTTTAAGAGCTATG,GGTAGTCGTACTCGTCGTCG,CRISPR Guide Capture,ENSG00000103769,RAB11A
FAH-1,FAH-1,R2,(BC)GTTTAAGAGCTATG,CGGCAGCATGCTACCAACGT,CRISPR Guide Capture,ENSG00000103876,FAH
FAH-2,FAH-2,R2,(BC)GTTTAAGAGCTATG,GGTGCCAGACACCACGACAG,CRISPR Guide Capture,ENSG00000103876,FAH
FAH-3,FAH-3,R2,(BC)GTTTAAGAGCTATG,TCCTAGCCAAGACCGAGGAT,CRISPR Guide Capture,ENSG00000103876,FAH
FAH-4,FAH-4,R2,(BC)GTTTAAGAGCTATG,GTCCTTATGAACGACTGGAG,CRISPR Guide Capture,ENSG00000103876,FAH
HEXA-1,HEXA-1,R2,(BC)GTTTAAGAGCTATG,TCTCAGAGAGGAGTAAACAC,CRISPR Guide Capture,ENSG00000213614,HEXA
HEXA-2,HEXA-2,R2,(BC)GTTTAAGAGCTATG,AGGAGGTCATTGAATACGCA,CRISPR Guide Capture,ENSG00000213614,HEXA
HEXA-3,HEXA-3,R2,(BC)GTTTAAGAGCTATG,GAGGAAGAAAGGCTTCGGTG,CRISPR Guide Capture,ENSG00000213614,HEXA
HEXA-4,HEXA-4,R2,(BC)GTTTAAGAGCTATG,GTACCTGAACCGTATATCCTA,CRISPR Guide Capture,ENSG00000213614,HEXA
CIITA-1,CIITA-1,R2,(BC)GTTTAAGAGCTATG,GAGATTCAGGCAGCTCAACG,CRISPR Guide Capture,ENSG00000179583,CIITA
CIITA-2,CIITA-2,R2,(BC)GTTTAAGAGCTATG,GAGAAGACAAAGTCGTACTG,CRISPR Guide Capture,ENSG00000179583,CIITA
CIITA-3,CIITA-3,R2,(BC)GTTTAAGAGCTATG,ACATCAAAGTACCCTACAGG,CRISPR Guide Capture,ENSG00000179583,CIITA
CIITA-4,CIITA-4,R2,(BC)GTTTAAGAGCTATG,GATATTGGCATAAGCCTCCC,CRISPR Guide Capture,ENSG00000179583,CIITA
HBA1-1,HBA1-1,R2,(BC)GTTTAAGAGCTATG,CCGCACTTCGACCTGAGCCA,CRISPR Guide Capture,ENSG00000206172,HBA1
HBA1-2,HBA1-2,R2,(BC)GTTTAAGAGCTATG,GGCAAGAAGCATGGCCACCG,CRISPR Guide Capture,ENSG00000206172,HBA1
HBA1-3,HBA1-3,R2,(BC)GTTTAAGAGCTATG,CCACCGAGGCTCCAGCTTAA,CRISPR Guide Capture,ENSG00000206172,HBA1
HBA1-4,HBA1-4,R2,(BC)GTTTAAGAGCTATG,GTCGGCAGGAGACAGCACCA,CRISPR Guide Capture,ENSG00000206172,HBA1
CLN3-1,CLN3-1,R2,(BC)GTTTAAGAGCTATG,GCAGCCCCTCATAAGAACCG,CRISPR Guide Capture,ENSG00000188603,CLN3
CLN3-2,CLN3-2,R2,(BC)GTTTAAGAGCTATG,GCAAAGTAAACTACGACCAA,CRISPR Guide Capture,ENSG00000188603,CLN3
CLN3-3,CLN3-3,R2,(BC)GTTTAAGAGCTATG,ATTTGATGACGAGTGTGGGG,CRISPR Guide Capture,ENSG00000188603,CLN3
CLN3-4,CLN3-4,R2,(BC)GTTTAAGAGCTATG,TCCCACTGACGAGAACCCGG,CRISPR Guide Capture,ENSG00000188603,CLN3
PKD1-1,PKD1-1,R2,(BC)GTTTAAGAGCTATG,CGTGAACTACAACGTAACCG,CRISPR Guide Capture,ENSG00000008710,PKD1
PKD1-2,PKD1-2,R2,(BC)GTTTAAGAGCTATG,GCGGCCCTCCAAGTACACGT,CRISPR Guide Capture,ENSG00000008710,PKD1
PKD1-3,PKD1-3,R2,(BC)GTTTAAGAGCTATG,GTTGGTGCCATCCCTAACCA,CRISPR Guide Capture,ENSG00000008710,PKD1
PKD1-4,PKD1-4,R2,(BC)GTTTAAGAGCTATG,GCACGTCATCGAGTACTCGT,CRISPR Guide Capture,ENSG00000008710,PKD1
STAT3-1,STAT3-1,R2,(BC)GTTTAAGAGCTATG,GAGACCGAGGTGTATCACCA,CRISPR Guide Capture,ENSG00000168610,STAT3
STAT3-2,STAT3-2,R2,(BC)GTTTAAGAGCTATG,AACATGGAAGAATCCAACAA,CRISPR Guide Capture,ENSG00000168610,STAT3
STAT3-3,STAT3-3,R2,(BC)GTTTAAGAGCTATG,TTGGGACCCCTGATTTTAGC,CRISPR Guide Capture,ENSG00000168610,STAT3
STAT3-4,STAT3-4,R2,(BC)GTTTAAGAGCTATG,GCTGCTGTAGCTGATTCCAT,CRISPR Guide Capture,ENSG00000168610,STAT3
BRCA1-1,BRCA1-1,R2,(BC)GTTTAAGAGCTATG,AGAAACCTACAACTCATGGA,CRISPR Guide Capture,ENSG00000012048,BRCA1
BRCA1-2,BRCA1-2,R2,(BC)GTTTAAGAGCTATG,AAGGAGCCAACATAACAGAT,CRISPR Guide Capture,ENSG00000012048,BRCA1
BRCA1-3,BRCA1-3,R2,(BC)GTTTAAGAGCTATG,TGGTACTGATTATGGCACTC,CRISPR Guide Capture,ENSG00000012048,BRCA1
BRCA1-4,BRCA1-4,R2,(BC)GTTTAAGAGCTATG,GGCTCAGGGTTACCGAAGAG,CRISPR Guide Capture,ENSG00000012048,BRCA1
USP22-1,USP22-1,R2,(BC)GTTTAAGAGCTATG,GCCATTGATCTGATGTACGG,CRISPR Guide Capture,ENSG00000124422,USP22
USP22-2,USP22-2,R2,(BC)GTTTAAGAGCTATG,TGGGGCTCTGCATCTCACAG,CRISPR Guide Capture,ENSG00000124422,USP22
USP22-3,USP22-3,R2,(BC)GTTTAAGAGCTATG,CAACTTATACGGGATGTGAG,CRISPR Guide Capture,ENSG00000124422,USP22
USP22-4,USP22-4,R2,(BC)GTTTAAGAGCTATG,CATGGAAATAATCGCCAAGG,CRISPR Guide Capture,ENSG00000124422,USP22
CCR7-1,CCR7-1,R2,(BC)GTTTAAGAGCTATG,GAGCAGGTAGGTATCGGTCA,CRISPR Guide Capture,ENSG00000126353,CCR7
CCR7-2,CCR7-2,R2,(BC)GTTTAAGAGCTATG,ACGCAACTTTGAGCGCAACA,CRISPR Guide Capture,ENSG00000126353,CCR7
CCR7-3,CCR7-3,R2,(BC)GTTTAAGAGCTATG,TAGTATCCAGATGCCCACAC,CRISPR Guide Capture,ENSG00000126353,CCR7
CCR7-4,CCR7-4,R2,(BC)GTTTAAGAGCTATG,CCAGAGAGCGTCATGGACCT,CRISPR Guide Capture,ENSG00000126353,CCR7
TTR-1,TTR-1,R2,(BC)GTTTAAGAGCTATG,GCTGCATGGGCTCACAACTG,CRISPR Guide Capture,ENSG00000118271,TTR
TTR-2,TTR-2,R2,(BC)GTTTAAGAGCTATG,ACACAAATACCAGTCCAGCA,CRISPR Guide Capture,ENSG00000118271,TTR
TTR-3,TTR-3,R2,(BC)GTTTAAGAGCTATG,TCTAGAACTTTGACCATCAG,CRISPR Guide Capture,ENSG00000118271,TTR
TTR-4,TTR-4,R2,(BC)GTTTAAGAGCTATG,AAAGGCTGCTGATGACACCT,CRISPR Guide Capture,ENSG00000118271,TTR
TNFRSF11A-1,TNFRSF11A-1,R2,(BC)GTTTAAGAGCTATG,AAACCGGGCAAGTAAACATG,CRISPR Guide Capture,ENSG00000141655,TNFRSF11A
TNFRSF11A-2,TNFRSF11A-2,R2,(BC)GTTTAAGAGCTATG,AAGTATTCATCCGGGCCACA,CRISPR Guide Capture,ENSG00000141655,TNFRSF11A
TNFRSF11A-3,TNFRSF11A-3,R2,(BC)GTTTAAGAGCTATG,ATGTGCTACCCAGATCAAGG,CRISPR Guide Capture,ENSG00000141655,TNFRSF11A
TNFRSF11A-4,TNFRSF11A-4,R2,(BC)GTTTAAGAGCTATG,ACTCTACCTTATCTCCACTT,CRISPR Guide Capture,ENSG00000141655,TNFRSF11A
MALT1-1,MALT1-1,R2,(BC)GTTTAAGAGCTATG,TGAGACCAAAAAGCTATACA,CRISPR Guide Capture,ENSG00000172175,MALT1
MALT1-2,MALT1-2,R2,(BC)GTTTAAGAGCTATG,TGTTCTTATTGGATATGTGT,CRISPR Guide Capture,ENSG00000172175,MALT1
MALT1-3,MALT1-3,R2,(BC)GTTTAAGAGCTATG,AATTCGTACACATCCACCAA,CRISPR Guide Capture,ENSG00000172175,MALT1
MALT1-4,MALT1-4,R2,(BC)GTTTAAGAGCTATG,TTATTATATTATGCAGGACA,CRISPR Guide Capture,ENSG00000172175,MALT1
NPC1-1,NPC1-1,R2,(BC)GTTTAAGAGCTATG,AAAGAGTTACAATACTACGT,CRISPR Guide Capture,ENSG00000141458,NPC1
NPC1-2,NPC1-2,R2,(BC)GTTTAAGAGCTATG,CAAACTTGTATCATTCAGAG,CRISPR Guide Capture,ENSG00000141458,NPC1
NPC1-3,NPC1-3,R2,(BC)GTTTAAGAGCTATG,ACGCCATGTATGTCATCATG,CRISPR Guide Capture,ENSG00000141458,NPC1
NPC1-4,NPC1-4,R2,(BC)GTTTAAGAGCTATG,GAAGGTCTCACTAGGCATCG,CRISPR Guide Capture,ENSG00000141458,NPC1
PPP1R12C-1,PPP1R12C-1,R2,(BC)GTTTAAGAGCTATG,AATTGCTCCTTCATGACACG,CRISPR Guide Capture,ENSG00000125503,PPP1R12C
PPP1R12C-2,PPP1R12C-2,R2,(BC)GTTTAAGAGCTATG,ACAGTGGGGCCACTAGGGAC,CRISPR Guide Capture,ENSG00000125503,PPP1R12C
PPP1R12C-3,PPP1R12C-3,R2,(BC)GTTTAAGAGCTATG,TGTCCCTAGTGGCCCCACTG,CRISPR Guide Capture,ENSG00000125503,PPP1R12C
PPP1R12C-4,PPP1R12C-4,R2,(BC)GTTTAAGAGCTATG,GGGAACCCAGCGAGTGAAGA,CRISPR Guide Capture,ENSG00000125503,PPP1R12C
CD70-1,CD70-1,R2,(BC)GTTTAAGAGCTATG,CTCACCCCAAGTGACTCGAG,CRISPR Guide Capture,ENSG00000125726,CD70
CD70-2,CD70-2,R2,(BC)GTTTAAGAGCTATG,CAGCTACGTATCCATCGTGA,CRISPR Guide Capture,ENSG00000125726,CD70
CD70-3,CD70-3,R2,(BC)GTTTAAGAGCTATG,GAGCTGCAGCTGAATCACAC,CRISPR Guide Capture,ENSG00000125726,CD70
CD70-4,CD70-4,R2,(BC)GTTTAAGAGCTATG,AGCGCTGGATGCACACCACG,CRISPR Guide Capture,ENSG00000125726,CD70
TGFB1-1,TGFB1-1,R2,(BC)GTTTAAGAGCTATG,GGTTTCCACCATTAGCACGC,CRISPR Guide Capture,ENSG00000105329,TGFB1
TGFB1-2,TGFB1-2,R2,(BC)GTTTAAGAGCTATG,TTGATGTCACCGGAGTTGTG,CRISPR Guide Capture,ENSG00000105329,TGFB1
TGFB1-3,TGFB1-3,R2,(BC)GTTTAAGAGCTATG,GGTGAAGCGGAAGCGCATCG,CRISPR Guide Capture,ENSG00000105329,TGFB1
TGFB1-4,TGFB1-4,R2,(BC)GTTTAAGAGCTATG,GAATGGTGGCCAGGTCACCT,CRISPR Guide Capture,ENSG00000105329,TGFB1
JUNB-1,JUNB-1,R2,(BC)GTTTAAGAGCTATG,GGGTAAAAGTACTGTCCCGG,CRISPR Guide Capture,ENSG00000171223,JUNB
JUNB-2,JUNB-2,R2,(BC)GTTTAAGAGCTATG,CCGGAGTCTCAAAGCGCCTG,CRISPR Guide Capture,ENSG00000171223,JUNB
JUNB-3,JUNB-3,R2,(BC)GTTTAAGAGCTATG,CTGAGGTTGGTGTAAACGGG,CRISPR Guide Capture,ENSG00000171223,JUNB
JUNB-4,JUNB-4,R2,(BC)GTTTAAGAGCTATG,CGCCCGGATGTGCACTAAAA,CRISPR Guide Capture,ENSG00000171223,JUNB
CD40-1,CD40-1,R2,(BC)GTTTAAGAGCTATG,AGTGCTTATACCTTGTCCAA,CRISPR Guide Capture,ENSG00000101017,CD40
CD40-2,CD40-2,R2,(BC)GTTTAAGAGCTATG,GAAACGGAATGCCTTCCTTG,CRISPR Guide Capture,ENSG00000101017,CD40
CD40-3,CD40-3,R2,(BC)GTTTAAGAGCTATG,AGGCTGGCACTGTACGAGTG,CRISPR Guide Capture,ENSG00000101017,CD40
CD40-4,CD40-4,R2,(BC)GTTTAAGAGCTATG,TATCAGAAACCCCTGTAGCT,CRISPR Guide Capture,ENSG00000101017,CD40
DNMT3B-1,DNMT3B-1,R2,(BC)GTTTAAGAGCTATG,GGCCTTCCAAGACACCACCA,CRISPR Guide Capture,ENSG00000088305,DNMT3B
DNMT3B-2,DNMT3B-2,R2,(BC)GTTTAAGAGCTATG,CCATGTGGACGAGTCCCCCG,CRISPR Guide Capture,ENSG00000088305,DNMT3B
DNMT3B-3,DNMT3B-3,R2,(BC)GTTTAAGAGCTATG,CCCAACAACACGCAACCAGG,CRISPR Guide Capture,ENSG00000088305,DNMT3B
DNMT3B-4,DNMT3B-4,R2,(BC)GTTTAAGAGCTATG,GGGGATGAAGATCAGAGCCG,CRISPR Guide Capture,ENSG00000088305,DNMT3B
JAG1-1,JAG1-1,R2,(BC)GTTTAAGAGCTATG,ATGGGCCCCGAATGTAACAG,CRISPR Guide Capture,ENSG00000101384,JAG1
JAG1-2,JAG1-2,R2,(BC)GTTTAAGAGCTATG,AAGTGCAAGAGTCAGTCGGG,CRISPR Guide Capture,ENSG00000101384,JAG1
JAG1-3,JAG1-3,R2,(BC)GTTTAAGAGCTATG,TCATCAGCCGTGTCTCAACG,CRISPR Guide Capture,ENSG00000101384,JAG1
JAG1-4,JAG1-4,R2,(BC)GTTTAAGAGCTATG,GATGAGGCCACGTGCAACAA,CRISPR Guide Capture,ENSG00000101384,JAG1
ADA-1,ADA-1,R2,(BC)GTTTAAGAGCTATG,TCACCGTACTGTCCACGCCG,CRISPR Guide Capture,ENSG00000196839,ADA
ADA-2,ADA-2,R2,(BC)GTTTAAGAGCTATG,TGGACATACTCAAGACAGAG,CRISPR Guide Capture,ENSG00000196839,ADA
ADA-3,ADA-3,R2,(BC)GTTTAAGAGCTATG,CACAGACTGGTCCCCCAAGG,CRISPR Guide Capture,ENSG00000196839,ADA
ADA-4,ADA-4,R2,(BC)GTTTAAGAGCTATG,TCCCAGCTAACACAGCAGAG,CRISPR Guide Capture,ENSG00000196839,ADA
ITGB2-1,ITGB2-1,R2,(BC)GTTTAAGAGCTATG,TCATCCCCAAGTCAGCCGTG,CRISPR Guide Capture,ENSG00000160255,ITGB2
ITGB2-2,ITGB2-2,R2,(BC)GTTTAAGAGCTATG,CTCCAACCAGTTTCAGACCG,CRISPR Guide Capture,ENSG00000160255,ITGB2
ITGB2-3,ITGB2-3,R2,(BC)GTTTAAGAGCTATG,AGCATGTCCTGTGGAGGGAA,CRISPR Guide Capture,ENSG00000160255,ITGB2
ITGB2-4,ITGB2-4,R2,(BC)GTTTAAGAGCTATG,AGGCCCAGCATGTCCTGTGG,CRISPR Guide Capture,ENSG00000160255,ITGB2
AIRE-1,AIRE-1,R2,(BC)GTTTAAGAGCTATG,CCCCGCTCACCGTTCCCGAG,CRISPR Guide Capture,ENSG00000160224,AIRE
AIRE-2,AIRE-2,R2,(BC)GTTTAAGAGCTATG,CGCGCTGGCTGACCACGACG,CRISPR Guide Capture,ENSG00000160224,AIRE
AIRE-3,AIRE-3,R2,(BC)GTTTAAGAGCTATG,GTGGCGGTACCAAAGCCTTG,CRISPR Guide Capture,ENSG00000160224,AIRE
AIRE-4,AIRE-4,R2,(BC)GTTTAAGAGCTATG,AGTTCGAAGACTCCGGCAGT,CRISPR Guide Capture,ENSG00000160224,AIRE
PCNT-1,PCNT-1,R2,(BC)GTTTAAGAGCTATG,GTGATGCCAATACAGCCACG,CRISPR Guide Capture,ENSG00000160299,PCNT
PCNT-2,PCNT-2,R2,(BC)GTTTAAGAGCTATG,ACAGCGTGGGATGTTCACAA,CRISPR Guide Capture,ENSG00000160299,PCNT
PCNT-3,PCNT-3,R2,(BC)GTTTAAGAGCTATG,CAGACTTTGAGGAACAACTG,CRISPR Guide Capture,ENSG00000160299,PCNT
PCNT-4,PCNT-4,R2,(BC)GTTTAAGAGCTATG,ATCTAGTGTAGACTGCAACG,CRISPR Guide Capture,ENSG00000160299,PCNT
SOD1-1,SOD1-1,R2,(BC)GTTTAAGAGCTATG,CCTCTATCCAGAAAACACGG,CRISPR Guide Capture,ENSG00000142168,SOD1
SOD1-2,SOD1-2,R2,(BC)GTTTAAGAGCTATG,AATGTGACTGCTGACAAAGA,CRISPR Guide Capture,ENSG00000142168,SOD1
SOD1-3,SOD1-3,R2,(BC)GTTTAAGAGCTATG,TATCTCCAAACTCATGAACA,CRISPR Guide Capture,ENSG00000142168,SOD1
SOD1-4,SOD1-4,R2,(BC)GTTTAAGAGCTATG,GGAAAGTAATGGACCAGTGA,CRISPR Guide Capture,ENSG00000142168,SOD1
IL17RA-1,IL17RA-1,R2,(BC)GTTTAAGAGCTATG,GCTGAAGTAGCAGACTACGT,CRISPR Guide Capture,ENSG00000177663,IL17RA
IL17RA-2,IL17RA-2,R2,(BC)GTTTAAGAGCTATG,ATGAACCAGTACACCCACAG,CRISPR Guide Capture,ENSG00000177663,IL17RA
IL17RA-3,IL17RA-3,R2,(BC)GTTTAAGAGCTATG,TGTCGGGGGACAACTACCTG,CRISPR Guide Capture,ENSG00000177663,IL17RA
IL17RA-4,IL17RA-4,R2,(BC)GTTTAAGAGCTATG,CAGATAACTCTGCACCCTCG,CRISPR Guide Capture,ENSG00000177663,IL17RA
IL2RB-1,IL2RB-1,R2,(BC)GTTTAAGAGCTATG,CCACAGATGCAACATAAGCT,CRISPR Guide Capture,ENSG00000100385,IL2RB
IL2RB-2,IL2RB-2,R2,(BC)GTTTAAGAGCTATG,TTGGGAAGGACACCATTCCG,CRISPR Guide Capture,ENSG00000100385,IL2RB
IL2RB-3,IL2RB-3,R2,(BC)GTTTAAGAGCTATG,CAGGGTGACGATGTCAACTG,CRISPR Guide Capture,ENSG00000100385,IL2RB
IL2RB-4,IL2RB-4,R2,(BC)GTTTAAGAGCTATG,CAGACGCCAGGACAGAGCAG,CRISPR Guide Capture,ENSG00000100385,IL2RB
DGCR6-1,DGCR6-1,R2,(BC)GTTTAAGAGCTATG,CGCCTACAGAACGAGCATCG,CRISPR Guide Capture,ENSG00000183628,DGCR6
DGCR6-2,DGCR6-2,R2,(BC)GTTTAAGAGCTATG,TGAAGCACAGGCAGGTTATG,CRISPR Guide Capture,ENSG00000183628,DGCR6
DGCR6-3,DGCR6-3,R2,(BC)GTTTAAGAGCTATG,CAGGGCCAGGTCGCTCAGCG,CRISPR Guide Capture,ENSG00000183628,DGCR6
DGCR6-4,DGCR6-4,R2,(BC)GTTTAAGAGCTATG,GCGACACTACCAGCTGCTGT,CRISPR Guide Capture,ENSG00000183628,DGCR6
ADA2-1,ADA2-1,R2,(BC)GTTTAAGAGCTATG,GCTCCGAATCAAGTTCCCCA,CRISPR Guide Capture,ENSG00000093072,ADA2
ADA2-2,ADA2-2,R2,(BC)GTTTAAGAGCTATG,AAGACATAGTCTCTGAACAC,CRISPR Guide Capture,ENSG00000093072,ADA2
ADA2-3,ADA2-3,R2,(BC)GTTTAAGAGCTATG,TGGAAAAAGTGCATGCTGGG,CRISPR Guide Capture,ENSG00000093072,ADA2
ADA2-4,ADA2-4,R2,(BC)GTTTAAGAGCTATG,TCACTGACCACTCTTCGTCA,CRISPR Guide Capture,ENSG00000093072,ADA2
IL2RG-1,IL2RG-1,R2,(BC)GTTTAAGAGCTATG,CATATCTCCAGTGATCCCCT,CRISPR Guide Capture,ENSG00000147168,IL2RG
IL2RG-2,IL2RG-2,R2,(BC)GTTTAAGAGCTATG,AGGGATGTGAATGGTAATGA,CRISPR Guide Capture,ENSG00000147168,IL2RG
IL2RG-3,IL2RG-3,R2,(BC)GTTTAAGAGCTATG,GGGCAGCTGCAGGAATAAGA,CRISPR Guide Capture,ENSG00000147168,IL2RG
IL2RG-4,IL2RG-4,R2,(BC)GTTTAAGAGCTATG,TGGTAATGATGGCTTCAACA,CRISPR Guide Capture,ENSG00000147168,IL2RG
WAS-1,WAS-1,R2,(BC)GTTTAAGAGCTATG,ACAACCTCGACCCAGATCTG,CRISPR Guide Capture,ENSG00000015285,WAS
WAS-2,WAS-2,R2,(BC)GTTTAAGAGCTATG,TCCCATTGGGCCCCCACTCA,CRISPR Guide Capture,ENSG00000015285,WAS
WAS-3,WAS-3,R2,(BC)GTTTAAGAGCTATG,CTTTCTGCCCTTGTCTTCTC,CRISPR Guide Capture,ENSG00000015285,WAS
WAS-4,WAS-4,R2,(BC)GTTTAAGAGCTATG,ATGAGTGGGGGCCCAATGGG,CRISPR Guide Capture,ENSG00000015285,WAS
CD40LG-1,CD40LG-1,R2,(BC)GTTTAAGAGCTATG,AAAGTTGAAATGGTATCTTC,CRISPR Guide Capture,ENSG00000102245,CD40LG
CD40LG-2,CD40LG-2,R2,(BC)GTTTAAGAGCTATG,ATGCTGTGTTAAAGTTGAAA,CRISPR Guide Capture,ENSG00000102245,CD40LG
CD40LG-3,CD40LG-3,R2,(BC)GTTTAAGAGCTATG,TGCGGCACATGTCATAAGTG,CRISPR Guide Capture,ENSG00000102245,CD40LG
CD40LG-4,CD40LG-4,R2,(BC)GTTTAAGAGCTATG,GTATCTTCTGGCAGAGAAGG,CRISPR Guide Capture,ENSG00000102245,CD40LG
FOXP3-1,FOXP3-1,R2,(BC)GTTTAAGAGCTATG,AGGACCCGATGCCCAACCCC,CRISPR Guide Capture,ENSG00000049768,FOXP3
FOXP3-2,FOXP3-2,R2,(BC)GTTTAAGAGCTATG,CCCACCCACAGGGATCAACG,CRISPR Guide Capture,ENSG00000049768,FOXP3
FOXP3-3,FOXP3-3,R2,(BC)GTTTAAGAGCTATG,TCATGGCTGGGCTCTCCAGG,CRISPR Guide Capture,ENSG00000049768,FOXP3
FOXP3-4,FOXP3-4,R2,(BC)GTTTAAGAGCTATG,GCAGCTGCGATGGTGGCATG,CRISPR Guide Capture,ENSG00000049768,FOXP3
Non-target-1,Non-target-1,R2,(BC)GTTTAAGAGCTATG,GGTGATCCTAGTCGACTGGC,CRISPR Guide Capture,Non-Targeting,Non-Targeting
Non-target-2,Non-target-2,R2,(BC)GTTTAAGAGCTATG,GCTATTGTCGGCTGGATGGA,CRISPR Guide Capture,Non-Targeting,Non-Targeting
Non-target-3,Non-target-3,R2,(BC)GTTTAAGAGCTATG,GCGCATCAATATGCCCGCAC,CRISPR Guide Capture,Non-Targeting,Non-Targeting
Non-target-4,Non-target-4,R2,(BC)GTTTAAGAGCTATG,GAGGTCCCGCCTCCGCCCAA,CRISPR Guide Capture,Non-Targeting,Non-Targeting
Non-target-5,Non-target-5,R2,(BC)GTTTAAGAGCTATG,GGCTAACGCACGCCGAGGTG,CRISPR Guide Capture,Non-Targeting,Non-Targeting
Non-target-6,Non-target-6,R2,(BC)GTTTAAGAGCTATG,GGGCCTTAATAGTTCAACGC,CRISPR Guide Capture,Non-Targeting,Non-Targeting
Non-target-7,Non-target-7,R2,(BC)GTTTAAGAGCTATG,GCAGGACGATAGTAACGTCC,CRISPR Guide Capture,Non-Targeting,Non-Targeting
Non-target-8,Non-target-8,R2,(BC)GTTTAAGAGCTATG,GAGAACGTGATAAGACTCGG,CRISPR Guide Capture,Non-Targeting,Non-Targeting
Non-target-9,Non-target-9,R2,(BC)GTTTAAGAGCTATG,GGACTGACGTATACGCTTGC,CRISPR Guide Capture,Non-Targeting,Non-Targeting
Non-target-10,Non-target-10,R2,(BC)GTTTAAGAGCTATG,GTGAATACCCGTGACGGACA,CRISPR Guide Capture,Non-Targeting,Non-Targeting
Non-target-11,Non-target-11,R2,(BC)GTTTAAGAGCTATG,GGCAATCGGCACGGCAAGGT,CRISPR Guide Capture,Non-Targeting,Non-Targeting
Non-target-12,Non-target-12,R2,(BC)GTTTAAGAGCTATG,GGGCTGTTCTCACTCGTAGC,CRISPR Guide Capture,Non-Targeting,Non-Targeting
Non-target-13,Non-target-13,R2,(BC)GTTTAAGAGCTATG,GGTTAAAGAGATTGTACGCC,CRISPR Guide Capture,Non-Targeting,Non-Targeting
Non-target-14,Non-target-14,R2,(BC)GTTTAAGAGCTATG,GGGTTGCACGTAGGATATTC,CRISPR Guide Capture,Non-Targeting,Non-Targeting
Non-target-15,Non-target-15,R2,(BC)GTTTAAGAGCTATG,GCGTATTGTATCCGCCACCG,CRISPR Guide Capture,Non-Targeting,Non-Targeting
Non-target-16,Non-target-16,R2,(BC)GTTTAAGAGCTATG,GAGTAAAGCCGATTATATCG,CRISPR Guide Capture,Non-Targeting,Non-Targeting
Non-target-17,Non-target-17,R2,(BC)GTTTAAGAGCTATG,GACCCTGAACAACCTAGGAT,CRISPR Guide Capture,Non-Targeting,Non-Targeting
Non-target-18,Non-target-18,R2,(BC)GTTTAAGAGCTATG,GGACCGGCACCTTATTATAT,CRISPR Guide Capture,Non-Targeting,Non-Targeting
Non-target-19,Non-target-19,R2,(BC)GTTTAAGAGCTATG,GAATGCTGAGTACGGTCTGT,CRISPR Guide Capture,Non-Targeting,Non-Targeting
Non-target-20,Non-target-20,R2,(BC)GTTTAAGAGCTATG,GGTCTATGGCCACCCGCTAC,CRISPR Guide Capture,Non-Targeting,Non-Targeting
MVD-1,MVD-1,R2,(BC)GTTTAAGAGCTATG,GGAGTGGCAGATGGGAGAGC,CRISPR Guide Capture,ENSG00000167508,MVD
MVD-2,MVD-2,R2,(BC)GTTTAAGAGCTATG,CATCAGCAAGGACTTCACCG,CRISPR Guide Capture,ENSG00000167508,MVD
MVD-3,MVD-3,R2,(BC)GTTTAAGAGCTATG,GGAGAGTGACCTCTCAGAAG,CRISPR Guide Capture,ENSG00000167508,MVD
MVD-4,MVD-4,R2,(BC)GTTTAAGAGCTATG,CTGGTGCAGAGTGACGCTCA,CRISPR Guide Capture,ENSG00000167508,MVD
TUBB-1,TUBB-1,R2,(BC)GTTTAAGAGCTATG,AGGTTCTAGATCCACCAGGA,CRISPR Guide Capture,ENSG00000196230,TUBB
TUBB-2,TUBB-2,R2,(BC)GTTTAAGAGCTATG,CATTGTAGTACACAGAGATG,CRISPR Guide Capture,ENSG00000196230,TUBB
TUBB-3,TUBB-3,R2,(BC)GTTTAAGAGCTATG,TCATGGTGGCTGAGACAAGG,CRISPR Guide Capture,ENSG00000196230,TUBB
TUBB-4,TUBB-4,R2,(BC)GTTTAAGAGCTATG,GCTGACCACACCAACCTACG,CRISPR Guide Capture,ENSG00000196230,TUBB
DHODH-1,DHODH-1,R2,(BC)GTTTAAGAGCTATG,GTGACTCCAAAACCTCAGGA,CRISPR Guide Capture,ENSG00000102967,DHODH
DHODH-2,DHODH-2,R2,(BC)GTTTAAGAGCTATG,GAGATGTATGCACTCACCCA,CRISPR Guide Capture,ENSG00000102967,DHODH
DHODH-3,DHODH-3,R2,(BC)GTTTAAGAGCTATG,GGGGTTGGTGGTGTGAGCAG,CRISPR Guide Capture,ENSG00000102967,DHODH
DHODH-4,DHODH-4,R2,(BC)GTTTAAGAGCTATG,CATCTTATAAAGTCCGTCCA,CRISPR Guide Capture,ENSG00000102967,DHODH
